Afghanistan,United States; Pakistan; Russia; India; Germany,
Albania,Italy; Greece; China; Turkey; Germany,
Algeria,France; China; Italy; Spain; Germany,
Angola,Portugal; China; United States; Brazil; South Africa; France; India,
Argentina,Brazil; United States; China; Germany,
Armenia,Russia; China; Ukraine; Iran; Germany; Italy,
Australia,China; United States; Japan; Singapore; Germany,
Austria,Germany; Italy; Switzerland; Netherlands,
Azerbaijan,Turkey; Russia; China; Germany; United Kingdom; Ukraine; Italy,
"Bahamas, The","United States; India; Korea, South; Venezuela; Singapore; China",
Bahrain,Saudi Arabia; United States; India; China; Brazil; Germany,
Bangladesh,China; India; Malaysia,
Barbados,Russia; Trinidad and Tobago; United States; China,
Belarus,Russia; Germany; Ukraine; China,
Belgium,Netherlands; Germany; France; United Kingdom; Ireland; China,
Belize,United States; Mexico; Cuba; Guatemala; China; Trinidad and Tobago,
Benin,China; France; United Kingdom; United States; India; Netherlands; Belgium,
Bolivia,Chile; Brazil; Argentina; United States; Peru; China,
Bosnia and Herzegovina,Croatia; Germany; Slovenia; Italy; Russia; Austria; Hungary,
Brazil,"United States; China; Argentina; Germany; Korea, South",
Brunei,"Singapore; China; Korea, South; Malaysia; Germany",
Bulgaria,Russia; Germany; Italy; Romania; Greece; Turkey; Spain; Ukraine,
Burkina Faso,Cote d'Ivoire; France; Ghana; Togo; Belgium,
Burma,"China; Thailand; Singapore; Korea, South; Japan",
Burundi,Saudi Arabia; Belgium; China; Uganda; Kenya; Zambia; United States; France,
Cambodia,"Thailand; China; Singapore; Hong Kong; Vietnam; Korea, South",
Cameroon,China; France; Nigeria; Belgium; Italy; United States,
Canada,United States; China; Mexico,
Cape Verde,Portugal; Netherlands; Spain; Italy; China,
Central African Republic,"Korea, South; Netherlands; France; Cameroon",
Chad,Cameroon; France; China; Finland; Sweden; Saudi Arabia; Belgium,
Chile,United States; China; Brazil; Argentina; Japan,
China,"Japan; Korea, South; United States; Germany; Australia",
Colombia,United States; China; Mexico; Brazil; Germany,
Comoros,Pakistan; France; United Arab Emirates; Turkey; Kenya; India; South Africa,
"Congo, Democratic Republic of The",China; South Africa; Belgium; Zambia; Zimbabwe; Kenya; France,
"Congo, Republic of The",France; China; India; Italy; Brazil; United States,
Costa Rica,United States; Mexico; China; Japan,
Cote d'Ivoire,Nigeria; France; China; Colombia,
Croatia,Italy; Germany; China; Russia; Slovenia; Austria,
Cuba,Venezuela; China; Spain; Brazil; Canada,
Cyprus,Greece; Israel; United Kingdom; Italy; Germany; France; China; Netherlands,
Czech Republic,Germany; China; Poland; Slovakia; Netherlands; Russia; Austria,
Denmark,Germany; Sweden; Netherlands; United Kingdom; China; Norway,
Djibouti,Saudi Arabia; China; India; Indonesia; Malaysia; United States; Pakistan,
Dominica,Japan; United States; Trinidad and Tobago; China; Singapore,
Dominican Republic,United States; Venezuela; Mexico; China,
Ecuador,"United States; China; Colombia; Panama; Peru; Brazil; Korea, South",
Egypt,China; United States; Italy; Germany; Turkey; Brazil,
El Salvador,United States; Guatemala; Mexico; China,
Equatorial Guinea,Spain; United States; France; China; Italy; Cote d'Ivoire; Morocco,
Eritrea,"Saudi Arabia; Egypt; China; India; Germany; Italy; South Africa; Brazil; Korea, South",
Estonia,Finland; Latvia; Sweden; Germany; Lithuania; Poland; China,
Ethiopia,Saudi Arabia; China; United States,
Fiji,Singapore; Australia; New Zealand; China,
Finland,Russia; Sweden; Germany; Netherlands; China,
France,Germany; Belgium; Italy; Netherlands; Spain; United Kingdom; China,
Gabon,France; China; United States; Belgium; Cameroon,
"Gambia, The",China; Brazil; Senegal; India; Netherlands; Turkey,
Georgia,Turkey; Ukraine; Azerbaijan; China; Germany; Russia,
Germany,China; Netherlands; France; United States; Italy; United Kingdom; Belgium; Austria; Switzerland,
Ghana,China; Nigeria; United States; India; Netherlands; United Kingdom,
Greece,Germany; Italy; China; Netherlands; France; Austria; Russia; Czech Republic,
Grenada,Trinidad and Tobago; United States,
Guatemala,United States; Mexico; China; El Salvador,
Guinea,China; Netherlands; United States; France,
Guinea-Bissau,Portugal; Senegal; China,
Guyana,United States; Trinidad and Tobago; China; Cuba,
Haiti,Dominican Republic; United States; Netherlands; China,
Honduras,United States; Guatemala; Mexico; El Salvador,
Hong Kong,China; Japan; Taiwan; United States,
Hungary,Germany; Russia; China; Austria; Slovakia; Poland; Netherlands; Italy,
Iceland,Norway; United States; Germany; Netherlands; China; Denmark; Brazil; United Kingdom,
India,China; United Arab Emirates; Saudi Arabia; United States; Switzerland,
Indonesia,"China; Singapore; Japan; Korea, South; United States; Thailand; Malaysia",
Iran,"United Arab Emirates; China; Korea, South; United States; Thailand; Malaysia",
Iraq,Turkey; Syria; China; United States; South Korea,
Ireland,United Kingdom; United States; Germany; Netherlands,
Israel,United States; China; Germany; Belgium; Switzerland; Italy,
Italy,Germany; France; China; Netherlands; Spain,
Jamaica,United States; Venezuela; Trinidad and Tobago; China,
Japan,"China; United States; Australia; Saudi Arabia; United Arab Emirates; Korea, South",
Jordan,Saudi Arabia; China; USA; Italy; Germany; Egypt,
Kazakhstan,China; Russia; Germany; Ukraine,
Kenya,China; India; UAE; South Africa; Saudi Arabia,
"Korea, North","China; Korea, South; Russia",
"Korea, South",China; Japan; USA; Saudi Arabia; Australia,
Kuwait,USA; India; China; Saudi Arabia; South Korea; Japan; Germany; UAE,
Kyrgyzstan,China; Russia; Kazakhstan,
Laos,Thailand; China; Vietnam,
Latvia,Lithuania; Germany; Russia; Poland; Estonia; Finland; Italy,
Lebanon,United States; Italy; France; China; Germany; Turkey,
Lesotho,South Korea; China; Taiwan; USA,
Liberia,South Korea; China; Japan,
Libya,Egypt; Tunisia; Turkey; China; Italy; Syria; France; Germany,
Lithuania,Russia; Germany; Poland; Latvia; Netherlands,
Luxembourg,Belgium; Germany; France; China; Netherlands; USA,
Macedonia,Germany; Greece; Bulgaria; United Kingdom; Turkey; Italy,
Madagascar,China; France; South Africa; Singapore; Bahrain; Mauritius; Kuwait,
Malawi,South Africa; India; Zambia; China; Tanzania; USA,
Malaysia,Singapore; China; Japan; USA; Thailand; Indonesia,
Maldives,Singapore; UAE; India; China; Malaysia; Sri Lanka; Thailand,
Mali,Senegal; France; China; Cote d'Ivoire,
Malta,Italy; France; United Kingdom; Germany,
Mauritania,China; Netherlands; France; United States; Spain; Germany; Brazil; Belgium,
Mauritius,India; China; France; South Africa; Singapore,
Mexico,USA; China,
Moldova,Italy; Ukraine; Romania; China; Germany; Turkey,
Mongolia,China; Russia; USA; Japan; South Korea,
Montenegro,Serbia; Greece; Bosnia and Herzegovina,
Morocco,France; Spain; China; United States; Saudi Arabia; Italy; Germany,
Mozambique,South Africa; China; India; United States; Australia; Portugal,
Nepal,India; China,
Netherlands,Germany; China; Belgium; United Kingdom; Russia; USA; France,
New Zealand,China; Australia; USA; Japan; Singapore; Germany,
Nicaragua,USA; Venezuela; Costa Rica; China; Guatemala; Mexico; El Salvador; South Korea,
Niger,France; China; Nigeria; Belgium; India; Togo,
Nigeria,"China; USA; Netherlands; India; Korea, South",
Norway,Sweden; Germany; China; Denmark; United Kingdom; USA; Netherlands,
Oman,UAE; Japan; USA; India; China; Saudi Arabia; Germany,
Pakistan,China; Saudi Arabia; UAE; Kuwait; Malaysia; India; USA,
Panama,Japan; China; Singapore; USA; South Korea,
Papua New Guinea,Australia; Singapore; China; Malaysia; Japan; Indonesia; USA,
Paraguay,Brazil; China; USA; Argentina; Chile,
Peru,USA; China; Brazil; Chile; Ecuador; South Korea,
Philippines,China; Japan; USA; South Korea; Singapore; Thailand; Indonesia,
Poland,Germany; Russia; Netherlands; Italy; China; France; Czech Republic,
Portugal,Spain; Germany; France; Italy; Netherlands,
Qatar,USA; UAE; Saudi Arabia; United Kingdom; China; Germany; Japan; France; Italy,
Romania,Germany; Italy; Hungary; France; China; Kazakhstan; Austria,
Russia,China; Germany; Ukraine; Italy,
Rwanda,Kenya; Uganda; USA; UAE; China; Tanzania,
Saint Kitts and Nevis,USA; Trinidad and Tobago; Barbados,
Saint Lucia,Brazil; USA; Trinidad and Tobago,
Saint Vincent and the Grenadines,Singapore; Trinidad and Tobago; USA; China; Norway,
Samoa,New Zealand; Fiji; Singapore; China; Japan; Australia; USA,
Sao Tome and Principe,Portuga; Malaysia; United States; Gabon,
Saudi Arabia,China; USA; Germany; South Korea; Japan; India; Italy,
Senegal,France; China; United Kingdom; Nigeria; Netherlands,
Serbia,Russia; Germany; Italy; China; Hungary,
Seychelles,Saudi Arabia; South Africa; Spain; France,
Sierra Leone,China; South Africa; USA; United Kingdom; India; Malaysia,
Singapore,Malaysia; USA; China; Japan; South Korea; Taiwan,
Slovakia,Germany; Czech Republic; Russia; Hungary; Poland; Austria; Italy; China,
Slovenia,Germany; Italy; Austria; Croatia; France; China,
Solomon Islands,Australia; Singapore; China; Malaysia; New Zealand,
Somalia,Djibouti,India; Kenya; Pakistan; China; Oman; UAE; Yemen
South Africa,China; Germany; USA; Saudi Arabia; Iran; Japan; United Kingdom,
Spain,Germany; France; Italy; China; Netherlands; United Kingdom; Portugal,
Sri Lanka,India; China; Singapore; Iran; Japan,
Sudan,China; Saudi Arabia; UAE; Egypt; India; Germany,
Suriname,USA; Netherlands; UAE; China; Antigua and Barbuda; Brazil; Japan,
Sweden,Germany; Denmark; Norway; Netherlands; United Kingdom; Russia; Finland; China; France,
Switzerland,Germany; Italy; France; USA; Netherlands; Austria,
Syria,Saudi Arabia; China; UAE; Turkey; Iran; Italy; Russia; Iraq,
Taiwan,Japan; China; USA; South Korea; Saudi Arabia,
Tajikistan,China; Russia; Kazakhstan; USA,
Tanzania,India; China; South Africa; Kenya; UAE,
Thailand,Japan; China; UAE; USA; Malaysia; South Korea,
Togo,China; France; Belgium; USA; United Kingdom,
Tonga,Fiji; New Zealand; USA; China,
Trinidad and Tobago,USA; Brazil; Russia; Gabon; Canada; China,
Tunisia,France; Italy; Germany; Spain; China; Russia,
Turkey,Russia; Germany; China; USA; Italy; Iran,
Turkmenistan,Turkey; Russia; China; UAE; Germany,
Uganda,Kenya; UAE; India; China; South Africa; Japan,
Ukraine,Russia; Germany; China; Poland; Belarus,
United Arab Emirates,India; China; USA; Germany,
United Kingdom,Germany; China; Netherlands; USA: France; Norway; Belgium,
United States,China; Canada; Mexico; Japan; Germany,
Uruguay,Brazil; China; Argentina; USA; Paraguay; Venezuela,
Uzbekistan,Russia; South Korea; China; Germany; Kazakhstan,
Vanuatu,China; Singapore; Australia; New Zealand; Fiji; Japan,
Venezuela,USA; China; Brazil,
Vietnam,China; South Korea; Japan; Taiwan; Thailand; Singapore,
Yemen,UAE; China; Saudi Arabia; Kuwait; India; France; USA,
Zambia,"South Africa; Congo, Democratic Republic of The; China; Kuwait",
Zimbabwe,South Africa; China,
,,
,,
,,
,,
,,
,,
,,
,,
,,
,,
,,
,,
,,
,,
,,
,,
,,
,,
,,
,,
,,
,,
,,
,,
,,
,,
,,
,,
,,
,,
,,
,,
,,
,,
,,
,,
,,
,,
,,
,,
,,
,,
,,
,,
,,
,,
,,
,,
,,
,,
,,
,,
,,
,,
,,
,,
,,
,,
,,
,,
,,
,,
,,
,,
,,
,,
,,
,,
,,
,,
,,
,,
,,
,,
,,
,,
,,
,,
,,
,,
,,
,,
,,
,,
,,
,,
,,
,,
,,
,,
,,
,,
,,
,,
,,
,,
,,
,,
,,
,,
,,
,,
,,
,,
,,
,,
,,
,,
,,
,,
,,
,,
,,
,,
,,
,,
,,
,,
,,
,,
,,
,,
,,
,,
,,
,,
,,
,,
,,
,,
,,
,,
,,
,,
,,
,,
,,
,,
,,
,,
,,
,,
,,
,,
,,
,,
,,
,,
,,
,,
,,
,,
,,
,,
,,
,,
,,
,,
,,
,,
,,
,,
,,
,,
,,
,,
,,
,,
,,
,,
,,
,,
,,
,,
,,
,,
,,
,,
,,
,,
,,
,,
,,
,,
,,
,,
,,
,,
,,
